ͼ�����,��������
001,��Ī
002,����
003,����
004,ħ��è
005,��
006,���
007,����
008,ˮ����
009,������
010,ˮ��
011,Ѽ����
012,����
013,���ǿ�
014,ˮ�ݿ�
015,׶β��
016,������
017,��Ӱ����
018,ѩ����
019,����ȸ
020,���
021,С�鹽
022,���鹽
023,��Ӱ�鹽
024,ʯ����
025,ʯ����
026,ʯ������
027,����ʯ
028,������
029,��������
030,��ħ��
031,������ħ
032,ëë
033,����
034,����
035,��Ӱ��
036,С��̡
037,��β̡
038,������̡
039,�󾧳�
040,��ʯ��
041,������
042,����Ҷ
043,������
044,����
045,������
046,������
047,����Ȯ
048,����Ȯ
049,�̶�����
050,��������
051,�Ĵ�����
052,�ཱ�
053,�ཹ�
054,С����
055,��Ӱ����
056,��ڤ��
057,����
058,������
059,�޻���
060,������
061,̰ʳ��
062,��������
063,�ı�����
064,�ıĲ�
065,�ıĻ�
066,������
067,������
068,��������
069,�ѹ�Ӣ
070,�ѹ�Ӣ����
071,������
072,�����۷�
073,�׷�����
074,����Գ
075,�˯��
076,������
077,�̿���
078,�ɼ���
079,�ջ���
080,С�ǹ�
081,�ǹ�ʨ
082,һ�ѷ�
083,�Ʒ��
084,�������
085,Сҹ
086,��ҹ
087,˷ҹ��ܽ
088,�Թ���
089,�������
090,�䶥����
091,�������
092,��ͷ��
093,�̲ݾ���
094,ħ������
095,����ʯ
096,������ë
097,����ȸ
098,������
099,С�ݳ�
100,���³�
101,���µ�
102,������
103,ħ����
104,ħ����
105,��������
106,����ӣ
107,����
108,������
109,������
110,�ʵ���
111,ʯʯ
112,����ʯ
113,��ʹ��
114,��ʽ֮��
115,��ʽ����
116,С������
117,�׽������
118,��Ҷ��
119,��Ҷ��
120,���ĺ��
121,С��è
122,��è��ʦ
123,������
124,Ӱ��
125,���
126,������
127,������
128,�޿޹�
129,���빽
130,���޹�
131,��ħ��
132,С�����
133,�����
134,ѩ����
135,ѩ����
136,ѩ����
137,������
138,�����
139,ѩ����
140,����Թ��
141,ѩ��
142,���ñ��
143,ñ������
144,ѩӰ����
145,Ȩ��-II
146,Ȩ��-V
147,���
148,��β��
149,�������
150,���
151,������ʿ
152,ʥ������
153,����
154,��Ҷ��
155,��ҶѲ��
156,С��ʨ
157,����ʨ
158,������ʨ
159,ˮ����
160,ˮ����
161,����ħʹ
162,��ƽ��
163,С��è
164,ŭĿ��è
165,Сʨ��
166,��ʥʨ��
167,�ʼ�ʨ��
168,Բ��֩��
169,���֩��
170,����޽���
171,������
172,������
173,�Ȳ���
174,������
175,�๽��
176,���Ĺ�
177,�߰�
178,����
179,��ͷѼ
180,��ëѼ
181,����սʿ
182,��������
183,�Ŷ���
184,Բ����
185,������
186,������
187,�����
188,����
189,����ʿ
190,������
191,������
192,��粺�
193,������
194,������
195,��С·
196,�趯··
197,�׷�··
198,����
199,����è
200,��������
201,��Թ��
202,��β��
203,������
204,��������
205,����
206,����
207,���绷
208,�̵绷
209,�����绷
210,С���
211,�������
212,������
213,������
214,��������
215,��ħ����
216,��β����
217,��βսʿ
218,�һ��ػ�
219,����ҡ
220,��֦֦
221,����
222,�����
223,������
224,С����
225,����
226,�綯����¹
227,����¹
228,��ʿ¹
229,���
230,�������
231,С�q
232,��Ŀ�q
233,�߽��q
234,��Ͳ����
235,�������
236,ʥ������
237,������
238,������
239,������
240,������
241,����
242,��С����
243,��������
244,���ˮĸ
245,����ˮĸ
246,����
247,����
248,�ÿ�
249,�ɰ�Գ
250,����Գ
251,����Գ
252,��³˹
253,ѩ����³˹
254,���겼³˹
255,������
256,��˿��
257,����ʮ��
258,�ڴ�
259,������
260,������
261,��������
262,����˹��
263,��е����
264,��ʷ���
265,������
266,������
267,���μ�
268,��ʿ��
269,���߼�
270,����
271,�޹�����
272,��ž��
273,������
274,��������
275,������
276,������
277,����
278,����
279,�ݵ���
280,ī��ʿ
281,�����ϲ�
282,�����ϵ�
283,С�׳�
284,���׳�
285,ʥ���̴�
286,ʥ��-X
287,����Ÿ
288,�����
289,��ͷ����
290,�������
291,����С��
292,��������
293,С����
294,������˹
295,��Ϣ����
296,ëͷС��
297,��������
298,ʳ������
299,������
300,�����ػ�
301,���䷨ʦ��
302,���������
303,��ħ��
304,����ػ�
305,�ž�ִ����
306,�ž�ϻħ��
307,����
308,С�޼�
309,������
310,Ϭ����
311,������
312,����ǧ��
313,����
314,Ĩ�貼��
315,Ҭ������
316,���Ҳ���
317,�ǳ���
318,���ǳ�
319,���ǳ�
320,˫����
321,������
322,����ѩ��
323,�ȹ�����
324,�Թ���
325,������
326,ȼн��
327,�տ�­
328,ҹ��­
329,ҹ��
330,�۷���
331,СƤ��
332,��ɪ
333,���Ӷ�
334,����˹
335,������
336,�۶�����
337,��������
338,������
339,�ϰ���
340,���β
341,�ŵ���
342,����
343,����
344,������
345,���ǹ�
346,���ǹ�
347,ĺ�ǳ�
